<?xml version="1.0" encoding="UTF-8"?>
<configurationDescriptor version="95">
  <logicalFolder name="root" displayName="root" projectFiles="true" kind="ROOT">
    <df root="." name="0">
      <in>AggreRec.cpp</in>
    </df>
    <logicalFolder name="ExternalFiles"
                   displayName="Important Files"
                   projectFiles="false"
                   kind="IMPORTANT_FILES_FOLDER">
      <itemPath>makefile</itemPath>
    </logicalFolder>
  </logicalFolder>
  <sourceFolderFilter>^(nbproject)$</sourceFolderFilter>
  <sourceRootList>
    <Elem>.</Elem>
  </sourceRootList>
  <projectmakefile>makefile</projectmakefile>
  <confs>
    <conf name="Default" type="0">
      <toolsSet>
        <compilerSet>default</compilerSet>
        <dependencyChecking>false</dependencyChecking>
        <rebuildPropChanged>false</rebuildPropChanged>
      </toolsSet>
      <codeAssistance>
      </codeAssistance>
      <makefileType>
        <makeTool>
          <buildCommandWorkingDir>.</buildCommandWorkingDir>
          <buildCommand>${MAKE} -f makefile</buildCommand>
          <cleanCommand>${MAKE} -f makefile clean</cleanCommand>
          <executablePath></executablePath>
          <cTool>
            <standard>10</standard>
          </cTool>
          <ccTool>
            <standard>8</standard>
            <incDir>
              <pElem>../../include/pin</pElem>
              <pElem>../../include/pin/gen</pElem>
              <pElem>../../../extras/stlport/include</pElem>
              <pElem>../../../extras/libstdc++/include</pElem>
              <pElem>../../../extras/crt/include</pElem>
              <pElem>../../../extras/crt/include/arch-x86_64</pElem>
              <pElem>../../../extras/crt/include/kernel/uapi</pElem>
              <pElem>../../../extras/crt/include/kernel/uapi/asm-x86</pElem>
              <pElem>../../../extras/components/include</pElem>
              <pElem>../../../extras/xed-intel64/include</pElem>
              <pElem>../InstLib</pElem>
            </incDir>
            <preprocessorList>
              <Elem>BIGARRAY_MULTIPLIER=1</Elem>
              <Elem>HOST_IA32E</Elem>
              <Elem>PIN_CRT=1</Elem>
              <Elem>TARGET_IA32E</Elem>
              <Elem>TARGET_LINUX</Elem>
              <Elem>__PIN__=1</Elem>
            </preprocessorList>
          </ccTool>
        </makeTool>
      </makefileType>
      <item path="AggreRec.cpp" ex="false" tool="1" flavor2="8">
      </item>
    </conf>
  </confs>
</configurationDescriptor>
